timestamp_et,timestamp_ist,iv,iv_pct
2025-03-12 00:00:00,2025-03-12 09:30:00,0.21,21.33%
2025-03-13 00:00:00,2025-03-13 09:30:00,0.22,22.18%
2025-03-14 00:00:00,2025-03-14 09:30:00,0.19,18.95%
2025-03-17 00:00:00,2025-03-17 09:30:00,0.18,17.79%
2025-03-18 00:00:00,2025-03-18 09:30:00,0.19,18.94%
2025-03-19 00:00:00,2025-03-19 09:30:00,0.17,16.82%
2025-03-20 00:00:00,2025-03-20 09:30:00,0.17,16.98%
2025-03-21 00:00:00,2025-03-21 09:30:00,0.17,16.64%
2025-03-24 00:00:00,2025-03-24 09:30:00,0.15,14.80%
2025-03-25 00:00:00,2025-03-25 09:30:00,0.15,14.68%
2025-03-26 00:00:00,2025-03-26 09:30:00,0.16,15.87%
2025-03-27 00:00:00,2025-03-27 09:30:00,0.16,15.71%
2025-03-28 00:00:00,2025-03-28 09:30:00,0.19,18.60%
2025-03-31 00:00:00,2025-03-31 09:30:00,0.18,17.88%
2025-04-01 00:00:00,2025-04-01 09:30:00,0.18,18.26%
2025-04-02 00:00:00,2025-04-02 09:30:00,0.18,17.77%
2025-04-03 00:00:00,2025-04-03 09:30:00,0.24,24.20%
2025-04-04 00:00:00,2025-04-04 09:30:00,0.34,33.90%
2025-04-07 00:00:00,2025-04-07 09:30:00,0.39,39.29%
2025-04-08 00:00:00,2025-04-08 09:30:00,0.45,44.92%
2025-04-09 00:00:00,2025-04-09 09:30:00,0.26,25.58%
2025-04-10 00:00:00,2025-04-10 09:30:00,0.38,37.79%
2025-04-11 00:00:00,2025-04-11 09:30:00,0.30,30.31%
2025-04-14 00:00:00,2025-04-14 09:30:00,0.25,24.71%
2025-04-15 00:00:00,2025-04-15 09:30:00,0.25,24.54%
2025-04-16 00:00:00,2025-04-16 09:30:00,0.29,28.56%
2025-04-17 00:00:00,2025-04-17 09:30:00,0.26,25.57%
2025-04-21 00:00:00,2025-04-21 09:30:00,0.30,29.56%
2025-04-22 00:00:00,2025-04-22 09:30:00,0.27,26.91%
2025-04-23 00:00:00,2025-04-23 09:30:00,0.25,25.41%
2025-04-24 00:00:00,2025-04-24 09:30:00,0.23,22.81%
2025-04-25 00:00:00,2025-04-25 09:30:00,0.21,21.42%
2025-04-28 00:00:00,2025-04-28 09:30:00,0.21,21.40%
2025-04-29 00:00:00,2025-04-29 09:30:00,0.20,20.46%
2025-04-30 00:00:00,2025-04-30 09:30:00,0.22,21.72%
2025-05-01 00:00:00,2025-05-01 09:30:00,0.20,19.76%
2025-05-02 00:00:00,2025-05-02 09:30:00,0.18,18.37%
2025-05-05 00:00:00,2025-05-05 09:30:00,0.19,18.96%
2025-05-06 00:00:00,2025-05-06 09:30:00,0.20,19.91%
2025-05-07 00:00:00,2025-05-07 09:30:00,0.20,19.63%
2025-05-08 00:00:00,2025-05-08 09:30:00,0.19,18.74%
2025-05-09 00:00:00,2025-05-09 09:30:00,0.19,18.60%
2025-05-12 00:00:00,2025-05-12 09:30:00,0.15,15.20%
2025-05-13 00:00:00,2025-05-13 09:30:00,0.15,14.65%
2025-05-14 00:00:00,2025-05-14 09:30:00,0.15,15.19%
2025-05-15 00:00:00,2025-05-15 09:30:00,0.15,14.76%
2025-05-16 00:00:00,2025-05-16 09:30:00,0.14,14.38%
2025-05-19 00:00:00,2025-05-19 09:30:00,0.15,15.37%
2025-05-20 00:00:00,2025-05-20 09:30:00,0.15,15.13%
2025-05-21 00:00:00,2025-05-21 09:30:00,0.17,16.85%
2025-05-22 00:00:00,2025-05-22 09:30:00,0.17,16.53%
2025-05-23 00:00:00,2025-05-23 09:30:00,0.18,17.72%
2025-05-27 00:00:00,2025-05-27 09:30:00,0.15,15.27%
2025-05-28 00:00:00,2025-05-28 09:30:00,0.16,15.59%
2025-05-29 00:00:00,2025-05-29 09:30:00,0.15,15.36%
2025-05-30 00:00:00,2025-05-30 09:30:00,0.15,15.37%
2025-06-02 00:00:00,2025-06-02 09:30:00,0.15,15.04%
2025-06-03 00:00:00,2025-06-03 09:30:00,0.14,14.42%
2025-06-04 00:00:00,2025-06-04 09:30:00,0.14,14.32%
2025-06-05 00:00:00,2025-06-05 09:30:00,0.15,14.56%
2025-06-06 00:00:00,2025-06-06 09:30:00,0.13,13.34%
2025-06-09 00:00:00,2025-06-09 09:30:00,0.14,13.55%
2025-06-10 00:00:00,2025-06-10 09:30:00,0.13,13.50%
2025-06-11 00:00:00,2025-06-11 09:30:00,0.14,14.07%
2025-06-12 00:00:00,2025-06-12 09:30:00,0.14,13.98%
2025-06-13 00:00:00,2025-06-13 09:30:00,0.16,16.11%
2025-06-16 00:00:00,2025-06-16 09:30:00,0.14,14.49%
2025-06-17 00:00:00,2025-06-17 09:30:00,0.17,16.53%
2025-06-18 00:00:00,2025-06-18 09:30:00,0.16,15.70%
2025-06-20 00:00:00,2025-06-20 09:30:00,0.16,16.29%
2025-06-23 00:00:00,2025-06-23 09:30:00,0.15,15.07%
2025-06-24 00:00:00,2025-06-24 09:30:00,0.13,13.43%
2025-06-25 00:00:00,2025-06-25 09:30:00,0.13,13.41%
2025-06-26 00:00:00,2025-06-26 09:30:00,0.13,12.96%
2025-06-27 00:00:00,2025-06-27 09:30:00,0.13,12.86%
2025-06-30 00:00:00,2025-06-30 09:30:00,0.13,13.23%
2025-07-01 00:00:00,2025-07-01 09:30:00,0.13,13.47%
2025-07-02 00:00:00,2025-07-02 09:30:00,0.14,13.62%
2025-07-03 00:00:00,2025-07-03 09:30:00,0.13,13.43%
2025-07-07 00:00:00,2025-07-07 09:30:00,0.15,14.60%
2025-07-08 00:00:00,2025-07-08 09:30:00,0.14,13.77%
2025-07-09 00:00:00,2025-07-09 09:30:00,0.13,13.04%
2025-07-10 00:00:00,2025-07-10 09:30:00,0.13,12.80%
2025-07-11 00:00:00,2025-07-11 09:30:00,0.13,12.94%
2025-07-14 00:00:00,2025-07-14 09:30:00,0.14,13.72%
2025-07-15 00:00:00,2025-07-15 09:30:00,0.14,14.06%
2025-07-16 00:00:00,2025-07-16 09:30:00,0.14,13.79%
2025-07-17 00:00:00,2025-07-17 09:30:00,0.13,13.25%
2025-07-18 00:00:00,2025-07-18 09:30:00,0.13,13.09%
2025-07-21 00:00:00,2025-07-21 09:30:00,0.13,13.00%
2025-07-22 00:00:00,2025-07-22 09:30:00,0.13,12.94%
2025-07-23 00:00:00,2025-07-23 09:30:00,0.12,12.31%
2025-07-24 00:00:00,2025-07-24 09:30:00,0.12,12.18%
2025-07-25 00:00:00,2025-07-25 09:30:00,0.12,11.68%
2025-07-28 00:00:00,2025-07-28 09:30:00,0.12,11.68%
2025-07-29 00:00:00,2025-07-29 09:30:00,0.12,12.36%
2025-07-30 00:00:00,2025-07-30 09:30:00,0.13,13.09%
2025-07-31 00:00:00,2025-07-31 09:30:00,0.13,12.80%
2025-08-01 00:00:00,2025-08-01 09:30:00,0.16,15.86%
2025-08-04 00:00:00,2025-08-04 09:30:00,0.13,13.15%
2025-08-05 00:00:00,2025-08-05 09:30:00,0.14,13.71%
2025-08-06 00:00:00,2025-08-06 09:30:00,0.13,12.90%
2025-08-07 00:00:00,2025-08-07 09:30:00,0.13,13.29%
2025-08-08 00:00:00,2025-08-08 09:30:00,0.12,11.96%
2025-08-11 00:00:00,2025-08-11 09:30:00,0.12,12.29%
2025-08-12 00:00:00,2025-08-12 09:30:00,0.11,11.44%
2025-08-13 00:00:00,2025-08-13 09:30:00,0.11,11.13%
2025-08-14 00:00:00,2025-08-14 09:30:00,0.11,11.06%
2025-08-15 00:00:00,2025-08-15 09:30:00,0.11,11.29%
2025-08-18 00:00:00,2025-08-18 09:30:00,0.11,11.38%
2025-08-19 00:00:00,2025-08-19 09:30:00,0.12,12.38%
2025-08-20 00:00:00,2025-08-20 09:30:00,0.12,12.39%
2025-08-21 00:00:00,2025-08-21 09:30:00,0.13,13.39%
2025-08-22 00:00:00,2025-08-22 09:30:00,0.11,11.21%
2025-08-25 00:00:00,2025-08-25 09:30:00,0.11,11.16%
2025-08-26 00:00:00,2025-08-26 09:30:00,0.11,11.40%
2025-08-27 00:00:00,2025-08-27 09:30:00,0.11,11.46%
2025-08-28 00:00:00,2025-08-28 09:30:00,0.11,10.92%
2025-08-29 00:00:00,2025-08-29 09:30:00,0.12,11.62%
2025-09-02 00:00:00,2025-09-02 09:30:00,0.13,13.38%
2025-09-03 00:00:00,2025-09-03 09:30:00,0.13,12.86%
2025-09-04 00:00:00,2025-09-04 09:30:00,0.12,11.97%
2025-09-05 00:00:00,2025-09-05 09:30:00,0.12,11.66%
2025-09-08 00:00:00,2025-09-08 09:30:00,0.12,11.63%
2025-09-09 00:00:00,2025-09-09 09:30:00,0.12,11.55%
2025-09-10 00:00:00,2025-09-10 09:30:00,0.12,11.73%
2025-09-11 00:00:00,2025-09-11 09:30:00,0.11,11.30%
2025-09-12 00:00:00,2025-09-12 09:30:00,0.11,11.42%
2025-09-15 00:00:00,2025-09-15 09:30:00,0.12,11.87%
2025-09-16 00:00:00,2025-09-16 09:30:00,0.13,12.69%
2025-09-17 00:00:00,2025-09-17 09:30:00,0.12,12.21%
2025-09-18 00:00:00,2025-09-18 09:30:00,0.12,12.14%
2025-09-19 00:00:00,2025-09-19 09:30:00,0.12,12.06%
2025-09-22 00:00:00,2025-09-22 09:30:00,0.13,12.64%
2025-09-23 00:00:00,2025-09-23 09:30:00,0.13,13.38%
2025-09-24 00:00:00,2025-09-24 09:30:00,0.13,13.06%
2025-09-25 00:00:00,2025-09-25 09:30:00,0.13,13.36%
2025-09-26 00:00:00,2025-09-26 09:30:00,0.12,12.02%
2025-09-29 00:00:00,2025-09-29 09:30:00,0.12,12.33%
2025-09-30 00:00:00,2025-09-30 09:30:00,0.13,12.59%
2025-10-01 00:00:00,2025-10-01 09:30:00,0.13,12.59%
2025-10-02 00:00:00,2025-10-02 09:30:00,0.13,13.03%
2025-10-03 00:00:00,2025-10-03 09:30:00,0.13,12.61%
2025-10-06 00:00:00,2025-10-06 09:30:00,0.13,12.69%
2025-10-07 00:00:00,2025-10-07 09:30:00,0.13,13.32%
2025-10-08 00:00:00,2025-10-08 09:30:00,0.13,12.78%
2025-10-09 00:00:00,2025-10-09 09:30:00,0.13,12.89%
2025-10-10 00:00:00,2025-10-10 09:30:00,0.17,17.22%
2025-10-13 00:00:00,2025-10-13 09:30:00,0.15,14.50%
2025-10-14 00:00:00,2025-10-14 09:30:00,0.16,15.72%
2025-10-15 00:00:00,2025-10-15 09:30:00,0.16,16.03%
2025-10-16 00:00:00,2025-10-16 09:30:00,0.19,19.12%
2025-10-17 00:00:00,2025-10-17 09:30:00,0.16,16.15%
2025-10-20 00:00:00,2025-10-20 09:30:00,0.14,13.87%
2025-10-21 00:00:00,2025-10-21 09:30:00,0.14,13.78%
2025-10-22 00:00:00,2025-10-22 09:30:00,0.14,14.45%
2025-10-23 00:00:00,2025-10-23 09:30:00,0.13,13.42%
2025-10-24 00:00:00,2025-10-24 09:30:00,0.13,12.71%
2025-10-27 00:00:00,2025-10-27 09:30:00,0.13,12.80%
2025-10-28 00:00:00,2025-10-28 09:30:00,0.13,13.36%
2025-10-29 00:00:00,2025-10-29 09:30:00,0.14,14.23%
2025-10-30 00:00:00,2025-10-30 09:30:00,0.14,14.10%
2025-10-31 00:00:00,2025-10-31 09:30:00,0.14,13.88%
2025-11-03 00:00:00,2025-11-03 10:30:00,0.14,13.79%
2025-11-04 00:00:00,2025-11-04 10:30:00,0.15,14.72%
2025-11-05 00:00:00,2025-11-05 10:30:00,0.14,13.98%
2025-11-06 00:00:00,2025-11-06 10:30:00,0.16,15.54%
2025-11-07 00:00:00,2025-11-07 10:30:00,0.16,15.59%
2025-11-10 00:00:00,2025-11-10 10:30:00,0.14,13.95%
2025-11-11 00:00:00,2025-11-11 10:30:00,0.14,13.70%
2025-11-12 00:00:00,2025-11-12 10:30:00,0.14,14.20%
2025-11-13 00:00:00,2025-11-13 10:30:00,0.17,16.58%
2025-11-14 00:00:00,2025-11-14 10:30:00,0.16,15.91%
2025-11-17 00:00:00,2025-11-17 10:30:00,0.18,18.20%
2025-11-18 00:00:00,2025-11-18 10:30:00,0.19,19.17%
2025-11-19 00:00:00,2025-11-19 10:30:00,0.19,18.70%
2025-11-20 00:00:00,2025-11-20 10:30:00,0.21,21.04%
2025-11-21 00:00:00,2025-11-21 10:30:00,0.19,18.81%
2025-11-24 00:00:00,2025-11-24 10:30:00,0.16,16.33%
2025-11-25 00:00:00,2025-11-25 10:30:00,0.14,14.49%
2025-11-26 00:00:00,2025-11-26 10:30:00,0.13,13.47%
2025-11-28 00:00:00,2025-11-28 10:30:00,0.13,13.27%
2025-12-01 00:00:00,2025-12-01 10:30:00,0.14,13.62%
2025-12-02 00:00:00,2025-12-02 10:30:00,0.13,13.33%
2025-12-03 00:00:00,2025-12-03 10:30:00,0.13,12.84%
2025-12-04 00:00:00,2025-12-04 10:30:00,0.13,12.71%
2025-12-05 00:00:00,2025-12-05 10:30:00,0.12,12.01%
2025-12-08 00:00:00,2025-12-08 10:30:00,0.13,13.14%
2025-12-09 00:00:00,2025-12-09 10:30:00,0.13,13.13%
2025-12-10 00:00:00,2025-12-10 10:30:00,0.12,12.31%
2025-12-11 00:00:00,2025-12-11 10:30:00,0.12,11.79%
2025-12-12 00:00:00,2025-12-12 10:30:00,0.12,12.16%
2025-12-15 00:00:00,2025-12-15 10:30:00,0.13,12.63%
2025-12-16 00:00:00,2025-12-16 10:30:00,0.13,12.81%
2025-12-17 00:00:00,2025-12-17 10:30:00,0.14,13.91%
2025-12-18 00:00:00,2025-12-18 10:30:00,0.13,12.76%
2025-12-19 00:00:00,2025-12-19 10:30:00,0.12,11.59%
2025-12-22 00:00:00,2025-12-22 10:30:00,0.11,10.54%
2025-12-23 00:00:00,2025-12-23 10:30:00,0.10,10.46%
2025-12-24 00:00:00,2025-12-24 10:30:00,0.10,10.45%
2025-12-26 00:00:00,2025-12-26 10:30:00,0.10,10.39%
2025-12-29 00:00:00,2025-12-29 10:30:00,0.11,10.97%
2025-12-30 00:00:00,2025-12-30 10:30:00,0.11,11.33%
2025-12-31 00:00:00,2025-12-31 10:30:00,0.12,12.11%
2026-01-02 00:00:00,2026-01-02 10:30:00,0.12,11.91%
2026-01-05 00:00:00,2026-01-05 10:30:00,0.12,11.93%
2026-01-06 00:00:00,2026-01-06 10:30:00,0.12,11.82%
2026-01-07 00:00:00,2026-01-07 10:30:00,0.12,12.32%
2026-01-08 00:00:00,2026-01-08 10:30:00,0.12,12.25%
2026-01-09 00:00:00,2026-01-09 10:30:00,0.11,11.33%
2026-01-12 00:00:00,2026-01-12 10:30:00,0.12,11.79%
2026-01-13 00:00:00,2026-01-13 10:30:00,0.12,12.43%
2026-01-14 00:00:00,2026-01-14 10:30:00,0.13,13.05%
2026-01-15 00:00:00,2026-01-15 10:30:00,0.12,12.40%
2026-01-16 00:00:00,2026-01-16 10:30:00,0.12,12.24%
2026-01-20 00:00:00,2026-01-20 10:30:00,0.16,16.19%
2026-01-21 00:00:00,2026-01-21 10:30:00,0.14,13.65%
2026-01-22 00:00:00,2026-01-22 10:30:00,0.13,12.74%
2026-01-23 00:00:00,2026-01-23 10:30:00,0.12,12.40%
2026-01-26 00:00:00,2026-01-26 10:30:00,0.12,12.35%
2026-01-27 00:00:00,2026-01-27 10:30:00,0.13,12.55%
2026-01-28 00:00:00,2026-01-28 10:30:00,0.13,12.96%
2026-01-29 00:00:00,2026-01-29 10:30:00,0.13,13.27%
2026-01-30 00:00:00,2026-01-30 10:30:00,0.14,13.73%
2026-02-02 00:00:00,2026-02-02 10:30:00,0.13,12.73%
2026-02-03 00:00:00,2026-02-03 10:30:00,0.14,14.23%
2026-02-04 00:00:00,2026-02-04 10:30:00,0.16,15.74%
2026-02-05 00:00:00,2026-02-05 10:30:00,0.18,17.79%
2026-02-06 00:00:00,2026-02-06 10:30:00,0.14,14.00%
2026-02-09 00:00:00,2026-02-09 10:30:00,0.13,13.43%
2026-02-10 00:00:00,2026-02-10 10:30:00,0.14,13.98%
2026-02-11 00:00:00,2026-02-11 10:30:00,0.14,13.93%
2026-02-12 00:00:00,2026-02-12 10:30:00,0.17,16.60%
2026-02-13 00:00:00,2026-02-13 10:30:00,0.16,16.29%
2026-02-17 00:00:00,2026-02-17 10:30:00,0.17,16.65%
2026-02-18 00:00:00,2026-02-18 10:30:00,0.16,15.92%
2026-02-19 00:00:00,2026-02-19 10:30:00,0.16,16.46%
2026-02-20 00:00:00,2026-02-20 10:30:00,0.15,15.15%
2026-02-23 00:00:00,2026-02-23 10:30:00,0.17,17.34%
2026-02-24 00:00:00,2026-02-24 10:30:00,0.16,15.59%
2026-02-25 00:00:00,2026-02-25 10:30:00,0.14,14.13%
2026-02-26 00:00:00,2026-02-26 10:30:00,0.15,14.66%
2026-02-27 00:00:00,2026-02-27 10:30:00,0.16,15.61%
2026-03-02 00:00:00,2026-03-02 10:30:00,0.16,16.14%
2026-03-03 00:00:00,2026-03-03 10:30:00,0.18,18.40%
2026-03-04 00:00:00,2026-03-04 10:30:00,0.16,16.32%
2026-03-05 00:00:00,2026-03-05 10:30:00,0.18,17.64%
2026-03-06 00:00:00,2026-03-06 10:30:00,0.22,22.01%
2026-03-09 00:00:00,2026-03-09 09:30:00,0.19,18.89%
2026-03-10 00:00:00,2026-03-10 09:30:00,0.20,19.84%
2026-03-11 00:00:00,2026-03-11 09:30:00,0.20,19.61%
